[
    {
        "name": "erik2593",
        "date": "18/01"
    },
    {
        "name": "JustALittleAna",
        "date": "27/01"
    },
    {
        "name": "dabide69",
        "date": "28/01"
    },
    {
        "name": "fangirlgamer03",
        "date": "30/01"
    },
    {
        "name": "SpiderBlaze",
        "date": "02/02"
    },
    {
        "name": "airam_99_",
        "date": "14/02"
    },
    {
        "name": "Capitan Loris",
        "date": "23/02"
    },
    {
        "name": "username6491 (Luca)",
        "date": "05/03"
    },
    {
        "name": "Stef_DP",
        "date": "15/03"
    },
    {
        "name": "anne081",
        "date": "29/03"
    },
    {
        "name": "SoraHarlock",
        "date": "31/03"
    },
    {
        "name": "il_dejo",
        "date": "13/04"
    },
    {
        "name": "hemerald",
        "date": "13/04"
    },
    {
        "name": "Phoenix_Chico20",
        "date": "14/04"
    },
    {
        "name": "tuttomattoteo_",
        "date": "26/04"
    },
    {
        "name": "xkraken21",
        "date": "02/05"
    },
    {
        "name": "ChriMari_scp007U",
        "date": "02/05"
    },
    {
        "name": "miao_gaia",
        "date": "13/05"
    },
    {
        "name": "AlexanderCasadei",
        "date": "16/05"
    },
    {
        "name": "Silverone_22",
        "date": "22/05"
    },
    {
        "name": "Entity95",
        "date": "28/05"
    },
    {
        "name": "JustA_Melly",
        "date": "08/06"
    },
    {
        "name": "lori_jack",
        "date": "09/06"
    },
    {
        "name": "MattyB02",
        "date": "11/06"
    },
    {
        "name": "dragone_nero_30",
        "date": "12/06"
    },
    {
        "name": "SucatoreGroot",
        "date": "14/06"
    },
    {
        "name": "LiukRast",
        "date": "16/06"
    },
    {
        "name": "Angelo_ilGiraffo",
        "date": "17/06"
    },
    {
        "name": "lejla_ly",
        "date": "20/06"
    },
    {
        "name": "Bucojacopo",
        "date": "22/06"
    },
    {
        "name": "herobrine240890",
        "date": "26/06"
    },
    {
        "name": "AquaticGiova",
        "date": "27/06"
    },
    {
        "name": "Liuk Noceda",
        "date": "07/07"
    },
    {
        "name": "Luigiadc08",
        "date": "27/07"
    },
    {
        "name": "Stermim4t",
        "date": "20/08"
    },
    {
        "name": "Propants",
        "date": "23/08"
    },
    {
        "name": "SilverTekila",
        "date": "26/08"
    },
    {
        "name": "piccolapestes",
        "date": "04/09"
    },
    {
        "name": "Giovanni Dell'Agnola",
        "date": "07/09"
    },
    {
        "name": "Navy_1979",
        "date": "19/09"
    },
    {
        "name": "bas1dany",
        "date": "22/09"
    },
    {
        "name": "laura fantino",
        "date": "26/09"
    },
    {
        "name": "MrPiccio",
        "date": "02/10"
    },
    {
        "name": "Extorro",
        "date": "08/10"
    },
    {
        "name": "enrico_bregoli",
        "date": "16/10"
    },
    {
        "name": "Cickalittle",
        "date": "26/10"
    },
    {
        "name": "PelatoConLucidaScarpe",
        "date": "11/11"
    },
    {
        "name": "CaldoTHW",
        "date": "16/11"
    },
    {
        "name": "SimonePanebianco27",
        "date": "27/11"
    },
    {
        "name": "Nicolafsf",
        "date": "29/11"
    },
    {
        "name": "samuelitopotato",
        "date": "04/12"
    },
    {
        "name": "claudiettaxmrsclaudia",
        "date": "05/12"
    },
    {
        "name": "francesco7894_",
        "date": "06/12"
    },
    {
        "name": "strider720",
        "date": "08/12"
    },
    {
        "name": "krispy_98",
        "date": "20/12"
    },
    {
        "name": "Buonasera88",
        "date": "24/12"
    }
]